ffb,fusion,layout,width,fx,n_read,n_frames,mask_source,z_front,z_window,V_grid,z_ref,V_frustum,mask_px,mask_holes,V_grid_pitch,grid_pitch_mm,ring_z_ref,V_grid_ring,V_grid_ring_pitch,V_grid_fill,V_plane,H,area,tarp_depth,tilt_deg,plane_rmse_mm,V_plane_ph,H_ph,area_ph,mask_px_ph,seconds
FFB10,notebook,combined,1280,646.3,60,60,depth,1.2290000915527344,0.27,0.008313623052597046,1.406000018119812,0.009242022706836448,28435,0.0,0.009067374188296938,2.319474149265775,1.5480000972747803,0.02432453573846817,0.02728539036195277,0.009288843730926514,0.030252886150257133,0.270273856092917,0.16333322613690693,1.5494276073620954,2.398352521509854,2.732378123572858,0.03273035340607427,0.2720815353930115,0.1941657540560673,33723,2.9
FFB10,nan_blur,combined,1280,646.3,60,60,depth,1.2290000915527344,0.27,0.006568908977985382,1.3950001001358032,0.007186269835984972,21984,0.0,0.00704515282453409,2.319474149265775,1.5475001335144043,0.01984794300699234,0.021781116373418407,0.007277771660327911,0.024561910390673177,0.27111430327612007,0.12633942259889272,1.5489686652961634,2.4593715461682324,2.9457086160068737,0.032735790616633155,0.27218145863018106,0.19425384786624758,33734,1.5
FFB11,notebook,combined,1280,646.8,59,59,depth,1.2310000658035278,0.27,0.00667636194562912,1.4030001163482666,0.007472636765769439,27951,0.0,0.007354396847597649,2.3206760465597216,1.5500000715255737,0.022967247179508207,0.02593077646352726,0.00751671533203125,0.028634279115436586,0.24645847819891742,0.160508159121448,1.547949263668295,2.4320539618221675,3.989399214601618,0.031238924114143276,0.2474212000168587,0.19384549765387138,33693,1.5
FFB11,nan_blur,combined,1280,646.8,59,59,depth,1.2310000658035278,0.27,0.006687637949943542,1.4030001163482666,0.0074703377105242216,27951,0.0,0.007356483746131293,2.3206760465597216,1.5500000715255737,0.023000634179592132,0.02593534475150062,0.007506813316345214,0.02864017045098845,0.24652125885324705,0.16052163851829304,1.5479826293104095,2.4815501771218975,3.8978097480572913,0.0314251695022091,0.2483242592969251,0.19469549958429752,33779,1.6
FFB12,notebook,combined,1280,646.4,65,65,depth,1.2280000448226929,0.27,0.010033044231891632,1.3750001192092896,0.011024312756841221,30162,0.0,0.010547231984640162,2.3172968746459364,1.5380001068115234,0.028764839118003843,0.03076121967469286,0.011064937383651732,0.03643753813419486,0.302491053543426,0.17172062982811756,1.5466713442867905,2.5528669945664193,4.444724684384742,0.04398376508648807,0.30531107306704913,0.23704317641088002,41470,1.5
FFB12,nan_blur,combined,1280,646.4,65,65,depth,1.2280000448226929,0.27,0.010459210580825806,1.3790000677108765,0.011438688321337293,30099,0.0,0.01097137544984928,2.3172968746459364,1.5380001068115234,0.02888287316942215,0.030818500067677064,0.01148513666009903,0.03623919038694281,0.30186729526367956,0.17135126853063914,1.5465542502376326,2.60413126156316,4.4358570806165565,0.04371233693740816,0.3039763504428105,0.23668851100548693,41330,1.4
FFB17,notebook,combined,1280,647.3,95,95,depth,1.1535000801086426,0.27,0.00512641494846344,1.3480000495910645,0.005577872872259848,21598,0.0,0.005329977353374384,2.199062874002507,1.5290000438690186,0.020044834431648253,0.021134204854838714,0.005637242586612701,0.02558592786624641,0.30983939148251194,0.12155662458918165,1.5486442766910609,5.184011628129446,4.349592630570745,0.030224533398296158,0.3130340742390523,0.1586690877333897,27989,1.6
FFB17,nan_blur,combined,1280,647.3,95,95,depth,1.1380000114440918,0.27,0.0048566689434051515,1.3440001010894775,0.005267227776002324,21052,0.0,0.005029133007553699,2.1751179329231207,1.5320000648498535,0.0199527151389122,0.020959674888909305,0.005307509677410126,0.025145401343551182,0.3134703516612929,0.1184627453271527,1.5482798973651746,5.102627065954968,4.3341233896619356,0.17341464758476055,0.7270354142873301,0.604836009525627,101646,1.4
FFB18,notebook,combined,1280,647.5,77,77,depth,1.2510000467300415,0.27,0.005864857992649078,1.4350000619888306,0.006731529334695842,16371,0.0,0.006452016603705633,2.349046114014314,1.5390000343322754,0.012590918132781981,0.014089535810330537,0.0068118239712715144,0.015651346247282007,0.24060177621293694,0.09256528615481466,1.5493635991339356,4.961373487270103,3.944517681915849,0.01879164846085499,0.2477456141401233,0.1218432914807311,21344,1.2
FFB18,nan_blur,combined,1280,647.5,77,77,depth,1.249000072479248,0.27,0.005834297987937927,1.4350000619888306,0.006701822765133632,16200,0.0,0.006447550374739989,2.3459573358436265,1.5390000343322754,0.012488477150917053,0.014044597379452094,0.00678687097120285,0.015532594078853696,0.24073074140378292,0.09160373321750642,1.549379457782724,4.94012698797522,3.9344878659975207,0.018952713857222636,0.24909665009984877,0.12244372439338004,21414,1.3
FFB19,notebook,combined,1280,647.7,102,102,depth,1.2970000505447388,0.27,0.008276699234962463,1.3860000371932983,0.00907005330847282,27603,0.0,0.008892919007898367,2.4194323375545213,1.5390000343322754,0.02464383476257324,0.027152870411293946,0.009115716734886169,0.030418186860292098,0.28296477563960576,0.15575857515498198,1.549895800857953,5.672040110459874,4.322761197584172,0.03480204328441333,0.29147673150925746,0.18867861295170557,32954,1.5
FFB19,nan_blur,combined,1280,647.7,102,102,depth,1.2955000400543213,0.27,0.008490775568008422,1.3880000114440918,0.009294138424520518,27581,0.0,0.009104302099049921,2.417116336424894,1.5390000343322754,0.024685317750453947,0.027129748039798916,0.009344713519096375,0.030362520967757548,0.2828248611805043,0.15567582708463537,1.5497622253974175,5.678736738506602,4.313730356641967,0.03463458767020769,0.29097732744011967,0.18849616184467488,32949,1.6
FFB31,notebook,split,848,432.1,32,32,depth,1.319000005722046,0.2361750602722168,0.005231971440315246,1.5520000457763672,0.014621949982523592,7842,0.0,0.012708044696034938,3.5993056050946866,1.5570001602172852,0.005387503049373627,0.013109697935303677,0.014452444188594817,0.01447269419109479,0.24624082797095306,0.08035555381778785,1.5569437196648261,4.751039175814867,3.7452792274039357,0.02652221741360025,0.250140253457797,0.16220897937654535,12638,1.2
FFB31,nan_blur,split,848,432.1,120,120,depth,1.3040000200271606,0.27,0.007059436901569367,1.561000108718872,0.019845778017252954,11983,0.0,0.01747160639892887,3.6428741807797276,1.558000087738037,0.00693023488998413,0.017122767762993346,0.01998218627357483,0.018395314414852995,0.25054727399873306,0.10125729349456679,1.5553160409419737,4.929023048422106,4.285793829881768,0.028132459038018143,0.25602565975146807,0.16973630630024067,13376,1.1
FFB32,notebook,split,848,432.1,32,32,depth,1.3530000448226929,0.15340006351470947,0.0031429325704574584,1.4850000143051147,0.008570372926874096,7820,0.0,0.008049322874789877,3.486420578629607,1.5500000715255737,0.005161066239356994,0.013335908601122557,0.008537671628952026,0.014872058563858226,0.21195365352111334,0.1007309430471552,1.5587901293684119,3.4074903497414786,3.782572717849729,0.016724446330400548,0.20650068178249548,0.12308441188001816,9623,1.2
FFB32,nan_blur,split,848,432.1,120,120,depth,1.3420000076293945,0.15955007076263428,0.0020353710198402404,1.4520000219345093,0.005381566338877294,6353,0.0,0.005112481028411581,3.475195643026554,1.5480000972747803,0.004440279852867126,0.011275685024601245,0.0054250522050857545,0.012936415726849422,0.21453281691537643,0.08193409680393296,1.557903579370031,3.5024767263344874,3.9019069573277614,0.016832188988638794,0.20847112826803296,0.12268272962178753,9599,1.1
FFB33,notebook,split,848,432.1,32,32,depth,1.3260000944137573,0.2692500352859497,0.005889370485305786,1.5540000200271606,0.016515715660937083,8901,0.0,0.014370501058415235,3.692055549826674,1.5390000343322754,0.005426203113555908,0.013196427495534869,0.015335067678451537,0.015456345359737812,0.23626696034648376,0.09093037814139736,1.550153527399545,3.2602661401074022,3.6970361738902997,0.02297962455864429,0.23659207188586273,0.1476220563365959,11640,1.3
FFB33,nan_blur,split,848,432.1,120,120,depth,1.314000129699707,0.18599998950958252,0.0030156898660659787,1.4510000944137573,0.007794094570907925,6976,0.0,0.00722389830793295,3.471608409089946,1.5390000343322754,0.005428262199878692,0.013124488804508722,0.007725262261390686,0.015351000129984112,0.23792917700061522,0.08892721247827316,1.5497964375611177,3.1904909185881096,3.375108455851277,0.022428228507168312,0.23956412142373087,0.1420589347471099,11159,0.8
FFB34,notebook,split,848,432.1,32,32,depth,1.319000005722046,0.21672511100769043,0.004809051558494567,1.5230001211166382,0.013162051717862902,7448,0.0,0.011734287480938651,3.554290537056761,1.5500000715255737,0.0056063541536331175,0.013746149379885197,0.013445850678920745,0.0157770512614125,0.25223500496514867,0.09083941360763788,1.5640375013941403,4.878815504994144,3.9605817629646043,0.024606734997098947,0.2527363841821435,0.14875169207250277,11584,1.1
FFB34,nan_blur,split,848,432.1,120,120,depth,1.308000087738037,0.27,0.006081040292263031,1.5520000457763672,0.01704072838486004,9146,0.0,0.014988014955357273,3.652131959178657,1.5520000457763672,0.006081040292263031,0.014988014955357273,0.017213217684745787,0.016872368277325547,0.2514740138763515,0.09846191018698741,1.5635354110631594,5.09555960813034,3.827659490286325,0.024779578987451988,0.253954090339806,0.14890043986075524,11596,1.1
FFB35,notebook,split,848,432.1,32,32,depth,1.3330000638961792,0.26273131370544434,0.005680918890953064,1.5670000314712524,0.016256097205603448,8876,0.0,0.01418717055521385,3.6931693525802567,1.5560001134872437,0.0053260335397720335,0.013259282304605808,0.015119736634254454,0.014614929660326076,0.23646631558167575,0.08925783988894548,1.565147730671814,5.404616583868002,3.949640226737939,0.02343280281477796,0.24045216794152663,0.14991777930596784,11637,0.9
FFB35,nan_blur,split,848,432.1,120,120,depth,1.3250000476837158,0.26866257190704346,0.004320448881149292,1.571000099182129,0.012402577165612466,7037,0.0,0.010535422261860166,3.6883814078228427,1.5560001134872437,0.003941285158634186,0.009550876453429029,0.01133616840839386,0.010920496538040817,0.23670587747350944,0.06601877384973201,1.5645834888410617,5.446881107028261,4.042814733418459,0.023421009767204813,0.24111325706318537,0.14981941876851804,11625,1.1
